{"cameraMode":{"drawMode":0,"name":"Shaded","section":"Shading Mode"},"sceneLighting":false,"audioPlay":false,"sceneViewState":{"m_AlwaysRefresh":false,"showFog":true,"showSkybox":false,"showFlares":true,"showImageEffects":true,"showParticleSystems":true,"showVisualEffectGraphs":true,"m_FxEnabled":true},"in2DMode":false,"pivot":{"x":20.607336044311525,"y":0.5323962569236755,"z":0.08450442552566529},"rotation":{"x":0.1285332590341568,"y":-0.6472869515419006,"z":0.11198721826076508,"w":0.7429600954055786},"size":1.3460838794708253,"orthographic":false}