{"cameraMode":{"drawMode":0,"name":"Shaded","section":"Shading Mode"},"sceneLighting":false,"audioPlay":false,"sceneViewState":{"m_AlwaysRefresh":false,"showFog":true,"showSkybox":false,"showFlares":true,"showImageEffects":true,"showParticleSystems":true,"showVisualEffectGraphs":true,"m_FxEnabled":true},"in2DMode":false,"pivot":{"x":-0.7848024368286133,"y":1.4505882263183594,"z":0.3726949691772461},"rotation":{"x":0.05366203561425209,"y":-0.6343159079551697,"z":-0.044222552329301837,"w":-0.7699626088142395},"size":11.051076889038086,"orthographic":false}